Date,StartDate,EndDate,Section,TotalSales,TotalPurchases,TotalTotal,TotalBalance,ProprietarySales,ProprietaryPurchases,ProprietaryTotal,ProprietaryBalance,BrokerageSales,BrokeragePurchases,BrokerageTotal,BrokerageBalance,IndividualsSales,IndividualsPurchases,IndividualsTotal,IndividualsBalance,ForeignersSales,ForeignersPurchases,ForeignersTotal,ForeignersBalance,SecuritiesCosSales,SecuritiesCosPurchases,SecuritiesCosTotal,SecuritiesCosBalance,InvestmentTrustsSales,InvestmentTrustsPurchases,InvestmentTrustsTotal,InvestmentTrustsBalance,BusinessCosSales,BusinessCosPurchases,BusinessCosTotal,BusinessCosBalance,OtherInstitutionsSales,OtherInstitutionsPurchases,OtherInstitutionsTotal,OtherInstitutionsBalance,InsuranceCosSales,InsuranceCosPurchases,InsuranceCosTotal,InsuranceCosBalance,CityBKsRegionalBKsEtcSales,CityBKsRegionalBKsEtcPurchase,CityBKsRegionalBKsEtcTotal,CityBKsRegionalBKsEtcBalance,TrustBanksSales,TrustBanksPurchases,TrustBanksTotal,TrustBanksBalance,OtherFinancialInstitutionsSales,OtherFinancialInstitutionsPurchases,OtherFinancialInstitutionsTotal,OtherFinancialInstitutionsBalance
2021-12-06,,,,,,,,,,,,,,,,,,,,,,,,,,,,,,,,,,,,,,,,,,,,,,,,,,,,,,,
2021-12-07,,,,,,,,,,,,,,,,,,,,,,,,,,,,,,,,,,,,,,,,,,,,,,,,,,,,,,,
2021-12-08,,,,,,,,,,,,,,,,,,,,,,,,,,,,,,,,,,,,,,,,,,,,,,,,,,,,,,,
2021-12-09,2021-11-29,2021-12-03,Growth Market (Mothers/JASDAQ),1354890994.0,1355661292.0,2710552286.0,770298.0,62182777.0,57845861.0,120028638.0,-4336916.0,1292708217.0,1297815431.0,2590523648.0,5107214.0,684844856.0,678899091.0,1363743947.0,-5945765.0,554547731.0,557719365.0,1112267096.0,3171634.0,20778860.0,22011223.0,42790083.0,1232363.0,7078994.0,10363434.0,17442428.0,3284440.0,9905535.0,11616632.0,21522167.0,1711097.0,6012590.0,6392076.0,12404666.0,379486.0,181799.0,480751.0,662550.0,298952.0,510204.0,40523.0,550727.0,-469681.0,8724761.0,10074876.0,18799637.0,1350115.0,122887.0,217460.0,340347.0,94573.0
2021-12-09,2021-11-29,2021-12-03,Prime Market (First Section),21497479870.0,21535233856.0,43032713726.0,37753986.0,3689337517.0,2941681264.0,6631018781.0,-747656253.0,17808142353.0,18593552592.0,36401694945.0,785410239.0,2967627754.0,3180023319.0,6147651073.0,212395565.0,13339437009.0,13214031897.0,26553468906.0,-125405112.0,110477792.0,117031566.0,227509358.0,6553774.0,367170339.0,536002980.0,903173319.0,168832641.0,111951552.0,286851631.0,398803183.0,174900079.0,80238820.0,75014528.0,155253348.0,-5224292.0,16688186.0,23675665.0,40363851.0,6987479.0,30460730.0,22594116.0,53054846.0,-7866614.0,756773936.0,1099845236.0,1856619172.0,343071300.0,27316235.0,38481654.0,65797889.0,11165419.0
2021-12-09,2021-11-29,2021-12-03,Standard Market (Second Section),128542838.0,128655597.0,257198435.0,112759.0,4037256.0,4745278.0,8782534.0,708022.0,124505582.0,123910319.0,248415901.0,-595263.0,77662687.0,75133346.0,152796033.0,-2529341.0,40912036.0,42034450.0,82946486.0,1122414.0,3148717.0,3018759.0,6167476.0,-129958.0,547460.0,619076.0,1166536.0,71616.0,1354916.0,2018875.0,3373791.0,663959.0,246404.0,540580.0,786984.0,294176.0,63599.0,0.0,63599.0,-63599.0,53993.0,6540.0,60533.0,-47453.0,508766.0,514666.0,1023432.0,5900.0,7004.0,24027.0,31031.0,17023.0
2021-12-10,,,,,,,,,,,,,,,,,,,,,,,,,,,,,,,,,,,,,,,,,,,,,,,,,,,,,,,
2021-12-13,,,,,,,,,,,,,,,,,,,,,,,,,,,,,,,,,,,,,,,,,,,,,,,,,,,,,,,
2021-12-14,,,,,,,,,,,,,,,,,,,,,,,,,,,,,,,,,,,,,,,,,,,,,,,,,,,,,,,
2021-12-15,,,,,,,,,,,,,,,,,,,,,,,,,,,,,,,,,,,,,,,,,,,,,,,,,,,,,,,
2021-12-16,2021-12-06,2021-12-10,Growth Market (Mothers/JASDAQ),1219269112.0,1217619809.0,2436888921.0,-1649303.0,44918097.0,38802265.0,83720362.0,-6115832.0,1174351015.0,1178817544.0,2353168559.0,4466529.0,668815428.0,687631676.0,1356447104.0,18816248.0,453856780.0,432166655.0,886023435.0,-21690125.0,20835335.0,21330814.0,42166149.0,495479.0,4564431.0,12555871.0,17120302.0,7991440.0,11401013.0,11068739.0,22469752.0,-332274.0,6961427.0,6790585.0,13752012.0,-170842.0,724235.0,248031.0,972266.0,-476204.0,55083.0,22846.0,77929.0,-32237.0,6896497.0,6581102.0,13477599.0,-315395.0,240786.0,421225.0,662011.0,180439.0
2021-12-16,2021-12-06,2021-12-10,Prime Market (First Section),15500611625.0,15537843812.0,31038455437.0,37232187.0,2543457739.0,2484155596.0,5027613335.0,-59302143.0,12957153886.0,13053688216.0,26010842102.0,96534330.0,2765883488.0,2648209571.0,5414093059.0,-117673917.0,9389282611.0,9137769438.0,18527052049.0,-251513173.0,101246919.0,99296280.0,200543199.0,-1950639.0,192776130.0,262659642.0,455435772.0,69883512.0,144221057.0,252633750.0,396854807.0,108412693.0,35530567.0,66014625.0,101545192.0,30484058.0,27312455.0,35248382.0,62560837.0,7935927.0,31435902.0,10107106.0,41543008.0,-21328796.0,259149495.0,513558234.0,772707729.0,254408739.0,10315262.0,28191188.0,38506450.0,17875926.0
2021-12-16,2021-12-06,2021-12-10,Standard Market (Second Section),123246141.0,123214829.0,246460970.0,-31312.0,4751544.0,4216802.0,8968346.0,-534742.0,118494597.0,118998027.0,237492624.0,503430.0,75088530.0,76264528.0,151353058.0,1175998.0,36304159.0,35540315.0,71844474.0,-763844.0,3376333.0,3540220.0,6916553.0,163887.0,441102.0,423399.0,864501.0,-17703.0,2376638.0,2004196.0,4380834.0,-372442.0,230014.0,699663.0,929677.0,469649.0,34651.0,0.0,34651.0,-34651.0,132536.0,0.0,132536.0,-132536.0,457654.0,489286.0,946940.0,31632.0,52980.0,36420.0,89400.0,-16560.0
2021-12-17,,,,,,,,,,,,,,,,,,,,,,,,,,,,,,,,,,,,,,,,,,,,,,,,,,,,,,,
2021-12-20,,,,,,,,,,,,,,,,,,,,,,,,,,,,,,,,,,,,,,,,,,,,,,,,,,,,,,,
2021-12-21,,,,,,,,,,,,,,,,,,,,,,,,,,,,,,,,,,,,,,,,,,,,,,,,,,,,,,,
2021-12-22,,,,,,,,,,,,,,,,,,,,,,,,,,,,,,,,,,,,,,,,,,,,,,,,,,,,,,,
2021-12-23,2021-12-13,2021-12-17,Growth Market (Mothers/JASDAQ),1265686558.0,1267635449.0,2533322007.0,1948891.0,50494151.0,47750856.0,98245007.0,-2743295.0,1215192407.0,1219884593.0,2435077000.0,4692186.0,672943748.0,693127605.0,1366071353.0,20183857.0,484664868.0,472260836.0,956925704.0,-12404032.0,19082431.0,20202018.0,39284449.0,1119587.0,7275082.0,9123422.0,16398504.0,1848340.0,9644365.0,12940877.0,22585242.0,3296512.0,11345550.0,4340154.0,15685704.0,-7005396.0,509030.0,74321.0,583351.0,-434709.0,128693.0,0.0,128693.0,-128693.0,8674656.0,7438741.0,16113397.0,-1235915.0,923984.0,376619.0,1300603.0,-547365.0
2021-12-23,2021-12-13,2021-12-17,Prime Market (First Section),14748026656.0,14748664838.0,29496691494.0,638182.0,2018607241.0,2075777633.0,4094384874.0,57170392.0,12729419415.0,12672887205.0,25402306620.0,-56532210.0,2692875047.0,2494155409.0,5187030456.0,-198719638.0,9187326748.0,8733613586.0,17920940334.0,-453713162.0,101861669.0,93090992.0,194952661.0,-8770677.0,194097012.0,336151046.0,530248058.0,142054034.0,168719671.0,253514283.0,422233954.0,84794612.0,21498956.0,52089235.0,73588191.0,30590279.0,11771201.0,15417900.0,27189101.0,3646699.0,21299915.0,8700706.0,30000621.0,-12599209.0,303861243.0,674369588.0,978230831.0,370508345.0,26107953.0,11784460.0,37892413.0,-14323493.0
2021-12-23,2021-12-13,2021-12-17,Standard Market (Second Section),133649559.0,133606033.0,267255592.0,-43526.0,4201433.0,4049601.0,8251034.0,-151832.0,129448126.0,129556432.0,259004558.0,108306.0,81322685.0,79977169.0,161299854.0,-1345516.0,42086243.0,42261470.0,84347713.0,175227.0,2875849.0,3112917.0,5988766.0,237068.0,491448.0,637849.0,1129297.0,146401.0,1571644.0,2126287.0,3697931.0,554643.0,230060.0,763506.0,993566.0,533446.0,42885.0,2373.0,45258.0,-40512.0,182514.0,1249.0,183763.0,-181265.0,625562.0,549179.0,1174741.0,-76383.0,19236.0,124433.0,143669.0,105197.0
2021-12-24,,,,,,,,,,,,,,,,,,,,,,,,,,,,,,,,,,,,,,,,,,,,,,,,,,,,,,,
2021-12-27,,,,,,,,,,,,,,,,,,,,,,,,,,,,,,,,,,,,,,,,,,,,,,,,,,,,,,,
2021-12-28,,,,,,,,,,,,,,,,,,,,,,,,,,,,,,,,,,,,,,,,,,,,,,,,,,,,,,,
2021-12-29,,,,,,,,,,,,,,,,,,,,,,,,,,,,,,,,,,,,,,,,,,,,,,,,,,,,,,,
2021-12-30,2021-12-20,2021-12-24,Growth Market (Mothers/JASDAQ),1234787154.0,1235558944.0,2470346098.0,771790.0,46620205.0,57952772.0,104572977.0,11332567.0,1188166949.0,1177606172.0,2365773121.0,-10560777.0,677232637.0,665695915.0,1342928552.0,-11536722.0,458051375.0,454732350.0,912783725.0,-3319025.0,19143113.0,19451584.0,38594697.0,308471.0,6477057.0,10542709.0,17019766.0,4065652.0,12615946.0,10851288.0,23467234.0,-1764658.0,3492131.0,3161771.0,6653902.0,-330360.0,395389.0,63550.0,458939.0,-331839.0,190700.0,112802.0,303502.0,-77898.0,10188225.0,12720845.0,22909070.0,2532620.0,380376.0,273358.0,653734.0,-107018.0
2021-12-30,2021-12-20,2021-12-24,Prime Market (First Section),11204004043.0,11162964746.0,22366968789.0,-41039297.0,1243025370.0,1193909704.0,2436935074.0,-49115666.0,9960978673.0,9969055042.0,19930033715.0,8076369.0,2576098540.0,2360261779.0,4936360319.0,-215836761.0,6784679254.0,6841618559.0,13626297813.0,56939305.0,96323584.0,82529870.0,178853454.0,-13793714.0,130104522.0,202825876.0,332930398.0,72721354.0,110936623.0,169591682.0,280528305.0,58655059.0,19684650.0,64029917.0,83714567.0,44345267.0,19987673.0,18692812.0,38680485.0,-1294861.0,19659056.0,8766395.0,28425451.0,-10892661.0,190798937.0,209932267.0,400731204.0,19133330.0,12705834.0,10805885.0,23511719.0,-1899949.0
2021-12-30,2021-12-20,2021-12-24,Standard Market (Second Section),227410617.0,227643137.0,455053754.0,232520.0,4112970.0,5359693.0,9472663.0,1246723.0,223297647.0,222283444.0,445581091.0,-1014203.0,158993523.0,158530462.0,317523985.0,-463061.0,49475310.0,49842157.0,99317467.0,366847.0,5715551.0,5051563.0,10767114.0,-663988.0,1541057.0,720964.0,2262021.0,-820093.0,5599856.0,5599087.0,11198943.0,-769.0,838649.0,1493993.0,2332642.0,655344.0,65709.0,2289.0,67998.0,-63420.0,170598.0,3591.0,174189.0,-167007.0,788837.0,903637.0,1692474.0,114800.0,108557.0,135701.0,244258.0,27144.0
2022-01-04,,,,,,,,,,,,,,,,,,,,,,,,,,,,,,,,,,,,,,,,,,,,,,,,,,,,,,,
2022-01-05,,,,,,,,,,,,,,,,,,,,,,,,,,,,,,,,,,,,,,,,,,,,,,,,,,,,,,,
2022-01-06,,,,,,,,,,,,,,,,,,,,,,,,,,,,,,,,,,,,,,,,,,,,,,,,,,,,,,,
2022-01-07,2021-12-27,2021-12-30,Growth Market (Mothers/JASDAQ),1002283660.0,1003371311.0,2005654971.0,1087651.0,35572152.0,29170994.0,64743146.0,-6401158.0,966711508.0,974200317.0,1940911825.0,7488809.0,590355004.0,597904450.0,1188259454.0,7549446.0,335396532.0,333980399.0,669376931.0,-1416133.0,16097799.0,16541710.0,32639509.0,443911.0,4027702.0,7412542.0,11440244.0,3384840.0,9835596.0,9118757.0,18954353.0,-716839.0,5716106.0,3446199.0,9162305.0,-2269907.0,100079.0,101731.0,201810.0,1652.0,381219.0,75644.0,456863.0,-305575.0,4721918.0,5454456.0,10176374.0,732538.0,79553.0,164429.0,243982.0,84876.0
2022-01-07,2021-12-27,2021-12-30,Prime Market (First Section),8476870211.0,8486293771.0,16963163982.0,9423560.0,1137348978.0,1253676889.0,2391025867.0,116327911.0,7339521233.0,7232616882.0,14572138115.0,-106904351.0,2111943776.0,1988931204.0,4100874980.0,-123012572.0,4674207437.0,4776024988.0,9450232425.0,101817551.0,69336187.0,61299009.0,130635196.0,-8037178.0,172851573.0,139911330.0,312762903.0,-32940243.0,66484319.0,57120931.0,123605250.0,-9363388.0,24421143.0,46136711.0,70557854.0,21715568.0,12332578.0,9073587.0,21406165.0,-3258991.0,14570621.0,4870555.0,19441176.0,-9700066.0,187257170.0,140974428.0,328231598.0,-46282742.0,6116429.0,8274139.0,14390568.0,2157710.0
2022-01-07,2021-12-27,2021-12-30,Standard Market (Second Section),167703911.0,168026387.0,335730298.0,322476.0,3684179.0,4088390.0,7772569.0,404211.0,164019732.0,163937997.0,327957729.0,-81735.0,112897008.0,110811039.0,223708047.0,-2085969.0,43194823.0,45028003.0,88222826.0,1833180.0,4282953.0,4148958.0,8431911.0,-133995.0,461592.0,563262.0,1024854.0,101670.0,1994652.0,2049113.0,4043765.0,54461.0,413126.0,609029.0,1022155.0,195903.0,27557.0,0.0,27557.0,-27557.0,31170.0,0.0,31170.0,-31170.0,649915.0,633518.0,1283433.0,-16397.0,66936.0,95075.0,162011.0,28139.0
2022-01-11,,,,,,,,,,,,,,,,,,,,,,,,,,,,,,,,,,,,,,,,,,,,,,,,,,,,,,,
2022-01-12,,,,,,,,,,,,,,,,,,,,,,,,,,,,,,,,,,,,,,,,,,,,,,,,,,,,,,,
2022-01-13,,,,,,,,,,,,,,,,,,,,,,,,,,,,,,,,,,,,,,,,,,,,,,,,,,,,,,,
2022-01-14,2022-01-04,2022-01-07,Growth Market (Mothers/JASDAQ),962029493.0,959734264.0,1921763757.0,-2295229.0,42474314.0,39188678.0,81662992.0,-3285636.0,919555179.0,920545586.0,1840100765.0,990407.0,460909476.0,496042344.0,956951820.0,35132868.0,419813475.0,395487667.0,815301142.0,-24325808.0,9444227.0,9601214.0,19045441.0,156987.0,7930476.0,4586297.0,12516773.0,-3344179.0,8577756.0,9088885.0,17666641.0,511129.0,3548593.0,2025543.0,5574136.0,-1523050.0,89234.0,77246.0,166480.0,-11988.0,100209.0,23081.0,123290.0,-77128.0,8910822.0,3529854.0,12440676.0,-5380968.0,230911.0,83455.0,314366.0,-147456.0
2022-01-14,2022-01-04,2022-01-07,Prime Market (First Section),13021313714.0,13043255442.0,26064569156.0,21941728.0,1466341655.0,1272820016.0,2739161671.0,-193521639.0,11554972059.0,11770435426.0,23325407485.0,215463367.0,2779232226.0,2740845744.0,5520077970.0,-38386482.0,7985273568.0,8311197846.0,16296471414.0,325924278.0,77201071.0,74389661.0,151590732.0,-2811410.0,241685839.0,210632794.0,452318633.0,-31053045.0,138076365.0,169734116.0,307810481.0,31657751.0,30527697.0,30344065.0,60871762.0,-183632.0,15683488.0,23403340.0,39086828.0,7719852.0,25447546.0,11513799.0,36961345.0,-13933747.0,239801278.0,187787800.0,427589078.0,-52013478.0,22042981.0,10586261.0,32629242.0,-11456720.0
2022-01-14,2022-01-04,2022-01-07,Standard Market (Second Section),192731144.0,192408897.0,385140041.0,-322247.0,4228425.0,3214310.0,7442735.0,-1014115.0,188502719.0,189194587.0,377697306.0,691868.0,122880022.0,125747629.0,248627651.0,2867607.0,59484386.0,56882507.0,116366893.0,-2601879.0,2466362.0,2456649.0,4923011.0,-9713.0,445334.0,1100434.0,1545768.0,655100.0,2180531.0,1731781.0,3912312.0,-448750.0,354291.0,495338.0,849629.0,141047.0,30132.0,4468.0,34600.0,-25664.0,35227.0,0.0,35227.0,-35227.0,572567.0,712201.0,1284768.0,139634.0,53867.0,63580.0,117447.0,9713.0
2022-01-17,,,,,,,,,,,,,,,,,,,,,,,,,,,,,,,,,,,,,,,,,,,,,,,,,,,,,,,
2022-01-18,,,,,,,,,,,,,,,,,,,,,,,,,,,,,,,,,,,,,,,,,,,,,,,,,,,,,,,
2022-01-19,,,,,,,,,,,,,,,,,,,,,,,,,,,,,,,,,,,,,,,,,,,,,,,,,,,,,,,
2022-01-20,2022-01-11,2022-01-14,Growth Market (Mothers/JASDAQ),775821959.0,775329345.0,1551151304.0,-492614.0,42997265.0,36240238.0,79237503.0,-6757027.0,732824694.0,739089107.0,1471913801.0,6264413.0,323436224.0,348377537.0,671813761.0,24941313.0,384817618.0,363875483.0,748693101.0,-20942135.0,6317436.0,7965750.0,14283186.0,1648314.0,5673681.0,5876476.0,11550157.0,202795.0,5012921.0,6390135.0,11403056.0,1377214.0,1903314.0,1686597.0,3589911.0,-216717.0,36875.0,89112.0,125987.0,52237.0,82453.0,20635.0,103088.0,-61818.0,5478345.0,4626877.0,10105222.0,-851468.0,65827.0,180505.0,246332.0,114678.0
2022-01-20,2022-01-11,2022-01-14,Prime Market (First Section),13646700928.0,13646737240.0,27293438168.0,36312.0,1581512319.0,1754253311.0,3335765630.0,172740992.0,12065188609.0,11892483929.0,23957672538.0,-172704680.0,2411873365.0,2556543946.0,4968417311.0,144670581.0,8684701503.0,8635210612.0,17319912115.0,-49490891.0,77035303.0,76237990.0,153273293.0,-797313.0,189346902.0,196767166.0,386114068.0,7420264.0,115145150.0,158485470.0,273630620.0,43340320.0,25990692.0,22124683.0,48115375.0,-3866009.0,25191462.0,25972028.0,51163490.0,780566.0,103319593.0,16465613.0,119785206.0,-86853980.0,417703288.0,193477986.0,611181274.0,-224225302.0,14881351.0,11198435.0,26079786.0,-3682916.0
2022-01-20,2022-01-11,2022-01-14,Standard Market (Second Section),186672793.0,186499777.0,373172570.0,-173016.0,4107770.0,3150959.0,7258729.0,-956811.0,182565023.0,183348818.0,365913841.0,783795.0,120916738.0,124135902.0,245052640.0,3219164.0,55240769.0,53005379.0,108246148.0,-2235390.0,2144313.0,1989122.0,4133435.0,-155191.0,625072.0,484613.0,1109685.0,-140459.0,1761058.0,1514573.0,3275631.0,-246485.0,1147434.0,1256465.0,2403899.0,109031.0,48669.0,2066.0,50735.0,-46603.0,49193.0,0.0,49193.0,-49193.0,617296.0,866661.0,1483957.0,249365.0,14481.0,94037.0,108518.0,79556.0
2022-01-21,,,,,,,,,,,,,,,,,,,,,,,,,,,,,,,,,,,,,,,,,,,,,,,,,,,,,,,
2022-01-24,,,,,,,,,,,,,,,,,,,,,,,,,,,,,,,,,,,,,,,,,,,,,,,,,,,,,,,
2022-01-25,,,,,,,,,,,,,,,,,,,,,,,,,,,,,,,,,,,,,,,,,,,,,,,,,,,,,,,
2022-01-26,,,,,,,,,,,,,,,,,,,,,,,,,,,,,,,,,,,,,,,,,,,,,,,,,,,,,,,
2022-01-27,2022-01-17,2022-01-21,Growth Market (Mothers/JASDAQ),992983109.0,990996549.0,1983979658.0,-1986560.0,49325928.0,51157532.0,100483460.0,1831604.0,943657181.0,939839017.0,1883496198.0,-3818164.0,442685972.0,454988795.0,897674767.0,12302823.0,466264680.0,451668092.0,917932772.0,-14596588.0,8470542.0,9485491.0,17956033.0,1014949.0,7569869.0,6534753.0,14104622.0,-1035116.0,6728398.0,7302000.0,14030398.0,573602.0,3752748.0,3211282.0,6964030.0,-541466.0,279662.0,561935.0,841597.0,282273.0,112015.0,55013.0,167028.0,-57002.0,7706175.0,5843864.0,13550039.0,-1862311.0,87120.0,187792.0,274912.0,100672.0
2022-01-27,2022-01-17,2022-01-21,Prime Market (First Section),16363893045.0,16359350869.0,32723243914.0,-4542176.0,1805565831.0,1714549824.0,3520115655.0,-91016007.0,14558327214.0,14644801045.0,29203128259.0,86473831.0,3136977136.0,3441382116.0,6578359252.0,304404980.0,10507435765.0,10221469647.0,20728905412.0,-285966118.0,88484852.0,97500923.0,185985775.0,9016071.0,268759740.0,295148767.0,563908507.0,26389027.0,121315172.0,215313529.0,336628701.0,93998357.0,33558504.0,36303318.0,69861822.0,2744814.0,45125651.0,26839386.0,71965037.0,-18286265.0,38928014.0,26553968.0,65481982.0,-12374046.0,306728076.0,264353150.0,571081226.0,-42374926.0,11014304.0,19936241.0,30950545.0,8921937.0
2022-01-27,2022-01-17,2022-01-21,Standard Market (Second Section),155916825.0,155750103.0,311666928.0,-166722.0,5220470.0,5944450.0,11164920.0,723980.0,150696355.0,149805653.0,300502008.0,-890702.0,91275999.0,93966284.0,185242283.0,2690285.0,53893186.0,49876687.0,103769873.0,-4016499.0,1497296.0,1546889.0,3044185.0,49593.0,827029.0,771607.0,1598636.0,-55422.0,2006367.0,2619461.0,4625828.0,613094.0,152442.0,373804.0,526246.0,221362.0,41992.0,2107.0,44099.0,-39885.0,24571.0,3892.0,28463.0,-20679.0,909217.0,591599.0,1500816.0,-317618.0,68256.0,53323.0,121579.0,-14933.0
2022-01-28,,,,,,,,,,,,,,,,,,,,,,,,,,,,,,,,,,,,,,,,,,,,,,,,,,,,,,,
2022-01-31,,,,,,,,,,,,,,,,,,,,,,,,,,,,,,,,,,,,,,,,,,,,,,,,,,,,,,,
2022-02-01,,,,,,,,,,,,,,,,,,,,,,,,,,,,,,,,,,,,,,,,,,,,,,,,,,,,,,,
2022-02-02,,,,,,,,,,,,,,,,,,,,,,,,,,,,,,,,,,,,,,,,,,,,,,,,,,,,,,,
2022-02-03,2022-01-24,2022-01-28,Growth Market (Mothers/JASDAQ),943504388.0,941498722.0,1885003110.0,-2005666.0,49518859.0,47746236.0,97265095.0,-1772623.0,893985529.0,893752486.0,1787738015.0,-233043.0,406845890.0,412359189.0,819205079.0,5513299.0,448493540.0,451647035.0,900140575.0,3153495.0,7405540.0,8087327.0,15492867.0,681787.0,11919763.0,5724513.0,17644276.0,-6195250.0,6736311.0,7240770.0,13977081.0,504459.0,3054480.0,3527048.0,6581528.0,472568.0,155178.0,303251.0,458429.0,148073.0,248031.0,9737.0,257768.0,-238294.0,9050119.0,4568237.0,13618356.0,-4481882.0,76677.0,285379.0,362056.0,208702.0
2022-02-03,2022-01-24,2022-01-28,Prime Market (First Section),17114584638.0,17126410271.0,34240994909.0,11825633.0,1936373140.0,1803245685.0,3739618825.0,-133127455.0,15178211498.0,15323164586.0,30501376084.0,144953088.0,3017173810.0,3192512114.0,6209685924.0,175338304.0,11248564986.0,11046873028.0,22295438014.0,-201691958.0,88401955.0,93101272.0,181503227.0,4699317.0,345932963.0,340708138.0,686641101.0,-5224825.0,141783720.0,192254045.0,334037765.0,50470325.0,19697079.0,53321483.0,73018562.0,33624404.0,25642579.0,30164477.0,55807056.0,4521898.0,20718185.0,18988695.0,39706880.0,-1729490.0,255316612.0,332751615.0,588068227.0,77435003.0,14979609.0,22489719.0,37469328.0,7510110.0
2022-02-03,2022-01-24,2022-01-28,Standard Market (Second Section),149562810.0,149420673.0,298983483.0,-142137.0,5790007.0,6293389.0,12083396.0,503382.0,143772803.0,143127284.0,286900087.0,-645519.0,86408780.0,87373466.0,173782246.0,964686.0,51028040.0,48607897.0,99635937.0,-2420143.0,1588541.0,1487308.0,3075849.0,-101233.0,755725.0,1083548.0,1839273.0,327823.0,2312484.0,2586383.0,4898867.0,273899.0,638879.0,1212280.0,1851159.0,573401.0,241164.0,0.0,241164.0,-241164.0,13643.0,580.0,14223.0,-13063.0,770004.0,680666.0,1450670.0,-89338.0,15543.0,95156.0,110699.0,79613.0
2022-02-04,,,,,,,,,,,,,,,,,,,,,,,,,,,,,,,,,,,,,,,,,,,,,,,,,,,,,,,
2022-02-07,,,,,,,,,,,,,,,,,,,,,,,,,,,,,,,,,,,,,,,,,,,,,,,,,,,,,,,
2022-02-08,,,,,,,,,,,,,,,,,,,,,,,,,,,,,,,,,,,,,,,,,,,,,,,,,,,,,,,
2022-02-09,,,,,,,,,,,,,,,,,,,,,,,,,,,,,,,,,,,,,,,,,,,,,,,,,,,,,,,
2022-02-10,2022-01-31,2022-02-04,Growth Market (Mothers/JASDAQ),969716635.0,969267897.0,1938984532.0,-448738.0,49249953.0,40872531.0,90122484.0,-8377422.0,920466682.0,928395366.0,1848862048.0,7928684.0,425628004.0,437115067.0,862743071.0,11487063.0,463602242.0,455468084.0,919070326.0,-8134158.0,8757041.0,9337945.0,18094986.0,580904.0,6035457.0,8401528.0,14436985.0,2366071.0,6268424.0,6991115.0,13259539.0,722691.0,4143959.0,3931438.0,8075397.0,-212521.0,50853.0,165819.0,216672.0,114966.0,316052.0,98198.0,414250.0,-217854.0,5566361.0,6711066.0,12277427.0,1144705.0,98289.0,175106.0,273395.0,76817.0
2022-02-10,2022-01-31,2022-02-04,Prime Market (First Section),18197933108.0,18204118132.0,36402051240.0,6185024.0,1998287800.0,1848928546.0,3847216346.0,-149359254.0,16199645308.0,16355189586.0,32554834894.0,155544278.0,3582769753.0,3524228464.0,7106998217.0,-58541289.0,11746835452.0,11586207183.0,23333042635.0,-160628269.0,90169948.0,84739897.0,174909845.0,-5430051.0,224762897.0,346013987.0,570776884.0,121251090.0,149547635.0,214431712.0,363979347.0,64884077.0,31161798.0,32072522.0,63234320.0,910724.0,43246999.0,16835075.0,60082074.0,-26411924.0,32053559.0,27672083.0,59725642.0,-4381476.0,270216611.0,497116502.0,767333113.0,226899891.0,28880656.0,25872161.0,54752817.0,-3008495.0
2022-02-10,2022-01-31,2022-02-04,Standard Market (Second Section),109333917.0,109190158.0,218524075.0,-143759.0,3516896.0,4695848.0,8212744.0,1178952.0,105817021.0,104494310.0,210311331.0,-1322711.0,59895905.0,60033526.0,119929431.0,137621.0,41997756.0,40240051.0,82237807.0,-1757705.0,1532966.0,1219104.0,2752070.0,-313862.0,641600.0,976231.0,1617831.0,334631.0,1061733.0,1343055.0,2404788.0,281322.0,137033.0,311705.0,448738.0,174672.0,20432.0,0.0,20432.0,-20432.0,11410.0,9767.0,21177.0,-1643.0,510638.0,319908.0,830546.0,-190730.0,7548.0,40963.0,48511.0,33415.0
2022-02-14,,,,,,,,,,,,,,,,,,,,,,,,,,,,,,,,,,,,,,,,,,,,,,,,,,,,,,,
2022-02-15,,,,,,,,,,,,,,,,,,,,,,,,,,,,,,,,,,,,,,,,,,,,,,,,,,,,,,,
2022-02-16,,,,,,,,,,,,,,,,,,,,,,,,,,,,,,,,,,,,,,,,,,,,,,,,,,,,,,,
2022-02-17,2022-02-04,2022-02-10,Growth Market (Mothers/JASDAQ),751135347.0,757167368.0,1508302715.0,6032021.0,27625630.0,31329855.0,58955485.0,3704225.0,723509717.0,725837513.0,1449347230.0,2327796.0,348319355.0,362349274.0,710668629.0,14029919.0,347101254.0,326710029.0,673811283.0,-20391225.0,5891335.0,5898391.0,11789726.0,7056.0,5505346.0,6133632.0,11638978.0,628286.0,8384542.0,15938428.0,24322970.0,7553886.0,3677068.0,3773078.0,7450146.0,96010.0,78026.0,139087.0,217113.0,61061.0,158139.0,19720.0,177859.0,-138419.0,4383142.0,4637388.0,9020530.0,254246.0,11510.0,238486.0,249996.0,226976.0
2022-02-17,2022-02-04,2022-02-10,Prime Market (First Section),14103546855.0,14116595926.0,28220142781.0,13049071.0,1723974382.0,1780252601.0,3504226983.0,56278219.0,12379572473.0,12336343325.0,24715915798.0,-43229148.0,2785225822.0,2598312702.0,5383538524.0,-186913120.0,8756687168.0,8763439413.0,17520126581.0,6752245.0,78642563.0,71205135.0,149847698.0,-7437428.0,271171327.0,259793990.0,530965317.0,-11377337.0,177305016.0,220204139.0,397509155.0,42899123.0,25500375.0,22803511.0,48303886.0,-2696864.0,29129678.0,18588635.0,47718313.0,-10541043.0,38382821.0,20618519.0,59001340.0,-17764302.0,201089871.0,333689380.0,534779251.0,132599509.0,16437832.0,27687901.0,44125733.0,11250069.0
2022-02-17,2022-02-04,2022-02-10,Standard Market (Second Section),82180560.0,82381202.0,164561762.0,200642.0,3850117.0,3779084.0,7629201.0,-71033.0,78330443.0,78602118.0,156932561.0,271675.0,43318311.0,45520573.0,88838884.0,2202262.0,30782538.0,28900510.0,59683048.0,-1882028.0,1078634.0,1172483.0,2251117.0,93849.0,638213.0,1262327.0,1900540.0,624114.0,1652767.0,930572.0,2583339.0,-722195.0,79418.0,249310.0,328728.0,169892.0,115170.0,0.0,115170.0,-115170.0,19209.0,0.0,19209.0,-19209.0,640054.0,509679.0,1149733.0,-130375.0,6129.0,56664.0,62793.0,50535.0
2022-02-18,,,,,,,,,,,,,,,,,,,,,,,,,,,,,,,,,,,,,,,,,,,,,,,,,,,,,,,
2022-02-21,,,,,,,,,,,,,,,,,,,,,,,,,,,,,,,,,,,,,,,,,,,,,,,,,,,,,,,
2022-02-22,,,,,,,,,,,,,,,,,,,,,,,,,,,,,,,,,,,,,,,,,,,,,,,,,,,,,,,
2022-02-24,,,,,,,,,,,,,,,,,,,,,,,,,,,,,,,,,,,,,,,,,,,,,,,,,,,,,,,
2022-02-25,2022-02-14,2022-02-18,Growth Market (Mothers/JASDAQ),1018583990.0,1015443916.0,2034027906.0,-3140074.0,41941265.0,45635086.0,87576351.0,3693821.0,976642725.0,969808830.0,1946451555.0,-6833895.0,495610995.0,510465494.0,1006076489.0,14854499.0,445472428.0,423457523.0,868929951.0,-22014905.0,8051606.0,8702135.0,16753741.0,650529.0,6832709.0,5823685.0,12656394.0,-1009024.0,10433978.0,10761937.0,21195915.0,327959.0,4680682.0,4354911.0,9035593.0,-325771.0,84794.0,138268.0,223062.0,53474.0,93366.0,7384.0,100750.0,-85982.0,5266697.0,5507783.0,10774480.0,241086.0,115470.0,589710.0,705180.0,474240.0
2022-02-25,2022-02-14,2022-02-18,Prime Market (First Section),16592459311.0,16595838036.0,33188297347.0,3378725.0,1951101360.0,1849322404.0,3800423764.0,-101778956.0,14641357951.0,14746515632.0,29387873583.0,105157681.0,3117351909.0,3104167015.0,6221518924.0,-13184894.0,10423973798.0,10449375368.0,20873349166.0,25401570.0,83728357.0,82206110.0,165934467.0,-1522247.0,377863472.0,231365244.0,609228716.0,-146498228.0,213166363.0,301201660.0,514368023.0,88035297.0,29724481.0,31296712.0,61021193.0,1572231.0,17909791.0,13870069.0,31779860.0,-4039722.0,51670802.0,17311112.0,68981914.0,-34359690.0,297152080.0,486754841.0,783906921.0,189602761.0,28816898.0,28967501.0,57784399.0,150603.0
2022-02-25,2022-02-14,2022-02-18,Standard Market (Second Section),92866930.0,92900374.0,185767304.0,33444.0,4356666.0,4349353.0,8706019.0,-7313.0,88510264.0,88551021.0,177061285.0,40757.0,46373861.0,47251169.0,93625030.0,877308.0,37626569.0,36644646.0,74271215.0,-981923.0,1022675.0,1012562.0,2035237.0,-10113.0,713034.0,793614.0,1506648.0,80580.0,1195651.0,1475366.0,2671017.0,279715.0,391619.0,388329.0,779948.0,-3290.0,46484.0,0.0,46484.0,-46484.0,138097.0,4521.0,142618.0,-133576.0,981129.0,561345.0,1542474.0,-419784.0,21145.0,419469.0,440614.0,398324.0
2022-02-28,,,,,,,,,,,,,,,,,,,,,,,,,,,,,,,,,,,,,,,,,,,,,,,,,,,,,,,
2022-03-01,,,,,,,,,,,,,,,,,,,,,,,,,,,,,,,,,,,,,,,,,,,,,,,,,,,,,,,
2022-03-02,,,,,,,,,,,,,,,,,,,,,,,,,,,,,,,,,,,,,,,,,,,,,,,,,,,,,,,
2022-03-03,2022-02-21,2022-02-25,Growth Market (Mothers/JASDAQ),728139289.0,729412649.0,1457551938.0,1273360.0,28977009.0,36185309.0,65162318.0,7208300.0,699162280.0,693227340.0,1392389620.0,-5934940.0,333947753.0,332169857.0,666117610.0,-1777896.0,333515601.0,328906252.0,662421853.0,-4609349.0,6813271.0,6510532.0,13323803.0,-302739.0,5482346.0,7640766.0,13123112.0,2158420.0,6915799.0,9171276.0,16087075.0,2255477.0,3757680.0,3587728.0,7345408.0,-169952.0,85420.0,31713.0,117133.0,-53707.0,1883671.0,4864.0,1888535.0,-1878807.0,6638267.0,4752771.0,11391038.0,-1885496.0,122472.0,451581.0,574053.0,329109.0
2022-03-03,2022-02-21,2022-02-25,Prime Market (First Section),12928394923.0,12932881674.0,25861276597.0,4486751.0,1298290103.0,1257303722.0,2555593825.0,-40986381.0,11630104820.0,11675577952.0,23305682772.0,45473132.0,2565800430.0,2735565208.0,5301365638.0,169764778.0,8342814696.0,8077020159.0,16419834855.0,-265794537.0,56857505.0,61124835.0,117982340.0,4267330.0,210707859.0,188923158.0,399631017.0,-21784701.0,143100884.0,233044174.0,376145058.0,89943290.0,17239793.0,40927538.0,58167331.0,23687745.0,13955324.0,20964307.0,34919631.0,7008983.0,36027630.0,16372243.0,52399873.0,-19655387.0,230181474.0,282495844.0,512677318.0,52314370.0,13419225.0,19140486.0,32559711.0,5721261.0
2022-03-03,2022-02-21,2022-02-25,Standard Market (Second Section),82170389.0,82813997.0,164984386.0,643608.0,3066583.0,3385455.0,6452038.0,318872.0,79103806.0,79428542.0,158532348.0,324736.0,41352025.0,38797637.0,80149662.0,-2554388.0,32939840.0,35004360.0,67944200.0,2064520.0,873651.0,726069.0,1599720.0,-147582.0,791447.0,541579.0,1333026.0,-249868.0,2001152.0,2869021.0,4870173.0,867869.0,294913.0,699154.0,994067.0,404241.0,55637.0,901.0,56538.0,-54736.0,93764.0,2384.0,96148.0,-91380.0,631084.0,588521.0,1219605.0,-42563.0,70293.0,198916.0,269209.0,128623.0
2022-03-04,,,,,,,,,,,,,,,,,,,,,,,,,,,,,,,,,,,,,,,,,,,,,,,,,,,,,,,
2022-03-07,,,,,,,,,,,,,,,,,,,,,,,,,,,,,,,,,,,,,,,,,,,,,,,,,,,,,,,
2022-03-08,,,,,,,,,,,,,,,,,,,,,,,,,,,,,,,,,,,,,,,,,,,,,,,,,,,,,,,
2022-03-09,,,,,,,,,,,,,,,,,,,,,,,,,,,,,,,,,,,,,,,,,,,,,,,,,,,,,,,
2022-03-10,2022-02-28,2022-03-04,Growth Market (Mothers/JASDAQ),1066366104.0,1066523968.0,2132890072.0,157864.0,45157597.0,35717535.0,80875132.0,-9440062.0,1021208507.0,1030806433.0,2052014940.0,9597926.0,501771715.0,528529903.0,1030301618.0,26758188.0,482403285.0,453867099.0,936270384.0,-28536186.0,9695440.0,11185146.0,20880586.0,1489706.0,5330135.0,9354606.0,14684741.0,4024471.0,10009923.0,11983386.0,21993309.0,1973463.0,6078543.0,6047996.0,12126539.0,-30547.0,608794.0,113408.0,722202.0,-495386.0,121746.0,0.0,121746.0,-121746.0,5064995.0,9538616.0,14603611.0,4473621.0,123931.0,186273.0,310204.0,62342.0
2022-03-10,2022-02-28,2022-03-04,Prime Market (First Section),17762591328.0,17769167135.0,35531758463.0,6575807.0,2008765393.0,2168542745.0,4177308138.0,159777352.0,15753825935.0,15600624390.0,31354450325.0,-153201545.0,3301374116.0,3569588275.0,6870962391.0,268214159.0,11174771975.0,10933567508.0,22108339483.0,-241204467.0,97257525.0,102639751.0,199897276.0,5382226.0,416532381.0,308040028.0,724572409.0,-108492353.0,185813282.0,276676493.0,462489775.0,90863211.0,22600169.0,35462028.0,58062197.0,12861859.0,37655953.0,25498585.0,63154538.0,-12157368.0,47999668.0,12379248.0,60378916.0,-35620420.0,451529344.0,306851042.0,758380386.0,-144678302.0,18291522.0,29921432.0,48212954.0,11629910.0
2022-03-10,2022-02-28,2022-03-04,Standard Market (Second Section),104580246.0,104330131.0,208910377.0,-250115.0,3462034.0,3337726.0,6799760.0,-124308.0,101118212.0,100992405.0,202110617.0,-125807.0,54667173.0,53973242.0,108640415.0,-693931.0,41487803.0,41994724.0,83482527.0,506921.0,1618628.0,1320489.0,2939117.0,-298139.0,760425.0,1248906.0,2009331.0,488481.0,1172206.0,1382081.0,2554287.0,209875.0,458589.0,665620.0,1124209.0,207031.0,33873.0,3784.0,37657.0,-30089.0,56201.0,0.0,56201.0,-56201.0,846621.0,315494.0,1162115.0,-531127.0,16693.0,88065.0,104758.0,71372.0
2022-03-11,,,,,,,,,,,,,,,,,,,,,,,,,,,,,,,,,,,,,,,,,,,,,,,,,,,,,,,
2022-03-14,,,,,,,,,,,,,,,,,,,,,,,,,,,,,,,,,,,,,,,,,,,,,,,,,,,,,,,
2022-03-15,,,,,,,,,,,,,,,,,,,,,,,,,,,,,,,,,,,,,,,,,,,,,,,,,,,,,,,
2022-03-16,,,,,,,,,,,,,,,,,,,,,,,,,,,,,,,,,,,,,,,,,,,,,,,,,,,,,,,
2022-03-17,2022-03-07,2022-03-11,Growth Market (Mothers/JASDAQ),799479691.0,798059462.0,1597539153.0,-1420229.0,32350478.0,33798326.0,66148804.0,1447848.0,767129213.0,764261136.0,1531390349.0,-2868077.0,351642484.0,358409447.0,710051931.0,6766963.0,387222753.0,377307220.0,764529973.0,-9915533.0,6671879.0,6812019.0,13483898.0,140140.0,5619227.0,4408458.0,10027685.0,-1210769.0,7143261.0,7528653.0,14671914.0,385392.0,3576370.0,3462771.0,7039141.0,-113599.0,40605.0,62499.0,103104.0,21894.0,198415.0,41435.0,239850.0,-156980.0,4995795.0,5933501.0,10929296.0,937706.0,18424.0,295133.0,313557.0,276709.0
2022-03-17,2022-03-07,2022-03-11,Prime Market (First Section),19513345032.0,19517818705.0,39031163737.0,4473673.0,2201700104.0,2905072501.0,5106772605.0,703372397.0,17311644928.0,16612746204.0,33924391132.0,-698898724.0,3300882244.0,3483526350.0,6784408594.0,182644106.0,12986512043.0,12000979835.0,24987491878.0,-985532208.0,99342428.0,102335837.0,201678265.0,2993409.0,271589440.0,300086230.0,571675670.0,28496790.0,176342478.0,301928843.0,478271321.0,125586365.0,26194521.0,35847765.0,62042286.0,9653244.0,32967695.0,26142657.0,59110352.0,-6825038.0,37230870.0,22310548.0,59541418.0,-14920322.0,349071380.0,319026111.0,668097491.0,-30045269.0,31511829.0,20562028.0,52073857.0,-10949801.0
2022-03-17,2022-03-07,2022-03-11,Standard Market (Second Section),98965096.0,98770603.0,197735699.0,-194493.0,3990855.0,4091089.0,8081944.0,100234.0,94974241.0,94679514.0,189653755.0,-294727.0,50689774.0,47032884.0,97722658.0,-3656890.0,40883246.0,42657929.0,83541175.0,1774683.0,1194912.0,1011217.0,2206129.0,-183695.0,321622.0,703005.0,1024627.0,381383.0,1059843.0,1640126.0,2699969.0,580283.0,197366.0,626379.0,823745.0,429013.0,33596.0,5328.0,38924.0,-28268.0,49227.0,0.0,49227.0,-49227.0,540611.0,905808.0,1446419.0,365197.0,4044.0,96838.0,100882.0,92794.0
2022-03-18,,,,,,,,,,,,,,,,,,,,,,,,,,,,,,,,,,,,,,,,,,,,,,,,,,,,,,,
2022-03-22,,,,,,,,,,,,,,,,,,,,,,,,,,,,,,,,,,,,,,,,,,,,,,,,,,,,,,,
2022-03-23,,,,,,,,,,,,,,,,,,,,,,,,,,,,,,,,,,,,,,,,,,,,,,,,,,,,,,,
2022-03-24,,,,,,,,,,,,,,,,,,,,,,,,,,,,,,,,,,,,,,,,,,,,,,,,,,,,,,,
2022-03-25,2022-03-14,2022-03-18,Growth Market (Mothers/JASDAQ),907879442.0,907819002.0,1815698444.0,-60440.0,37016702.0,36507743.0,73524445.0,-508959.0,870862740.0,871311259.0,1742173999.0,448519.0,428743521.0,416766476.0,845509997.0,-11977045.0,406883804.0,418731145.0,825614949.0,11847341.0,9340471.0,9010178.0,18350649.0,-330293.0,6084954.0,6207779.0,12292733.0,122825.0,7301212.0,8852790.0,16154002.0,1551578.0,5796267.0,5445498.0,11241765.0,-350769.0,184398.0,31890.0,216288.0,-152508.0,117179.0,11680.0,128859.0,-105499.0,6325818.0,6082984.0,12408802.0,-242834.0,85116.0,170839.0,255955.0,85723.0
2022-03-25,2022-03-14,2022-03-18,Prime Market (First Section),18727052557.0,18741373772.0,37468426329.0,14321215.0,2366141445.0,3050987341.0,5417128786.0,684845896.0,16360911112.0,15690386431.0,32051297543.0,-670524681.0,3405719172.0,3066445490.0,6472164662.0,-339273682.0,11653872458.0,11439561656.0,23093434114.0,-214310802.0,91802578.0,78772997.0,170575575.0,-13029581.0,390236831.0,282325157.0,672561988.0,-107911674.0,183980295.0,202052492.0,386032787.0,18072197.0,32344630.0,27749716.0,60094346.0,-4594914.0,23801023.0,15123868.0,38924891.0,-8677155.0,43353049.0,43630512.0,86983561.0,277463.0,516115766.0,520493479.0,1036609245.0,4377713.0,19685310.0,14231064.0,33916374.0,-5454246.0
2022-03-25,2022-03-14,2022-03-18,Standard Market (Second Section),109952889.0,110114823.0,220067712.0,161934.0,3712084.0,4529880.0,8241964.0,817796.0,106240805.0,105584943.0,211825748.0,-655862.0,57004248.0,53050785.0,110055033.0,-3953463.0,44180605.0,46351075.0,90531680.0,2170470.0,1179680.0,1030210.0,2209890.0,-149470.0,522505.0,1477643.0,2000148.0,955138.0,1657413.0,1436964.0,3094377.0,-220449.0,201686.0,352431.0,554117.0,150745.0,167295.0,0.0,167295.0,-167295.0,84402.0,13789.0,98191.0,-70613.0,1219382.0,1725711.0,2945093.0,506329.0,23589.0,146335.0,169924.0,122746.0
2022-03-28,,,,,,,,,,,,,,,,,,,,,,,,,,,,,,,,,,,,,,,,,,,,,,,,,,,,,,,
2022-03-29,,,,,,,,,,,,,,,,,,,,,,,,,,,,,,,,,,,,,,,,,,,,,,,,,,,,,,,
2022-03-30,,,,,,,,,,,,,,,,,,,,,,,,,,,,,,,,,,,,,,,,,,,,,,,,,,,,,,,
2022-03-31,2022-03-22,2022-03-25,Growth Market (Mothers/JASDAQ),753339425.0,754948941.0,1508288366.0,1609516.0,34706126.0,23494225.0,58200351.0,-11211901.0,718633299.0,731454716.0,1450088015.0,12821417.0,368371402.0,377805120.0,746176522.0,9433718.0,323555798.0,327418730.0,650974528.0,3862932.0,7484208.0,8451108.0,15935316.0,966900.0,3628979.0,4671659.0,8300638.0,1042680.0,7207554.0,6512984.0,13720538.0,-694570.0,3304512.0,2994515.0,6299027.0,-309997.0,17452.0,69719.0,87171.0,52267.0,151183.0,62244.0,213427.0,-88939.0,4791749.0,3409345.0,8201094.0,-1382404.0,120462.0,59292.0,179754.0,-61170.0
2022-03-31,2022-03-22,2022-03-25,Prime Market (First Section),14594906889.0,14647778385.0,29242685274.0,52871496.0,1525347696.0,2061272030.0,3586619726.0,535924334.0,13069559193.0,12586506355.0,25656065548.0,-483052838.0,3291183983.0,2933842421.0,6225026404.0,-357341562.0,8786637313.0,8617905235.0,17404542548.0,-168732078.0,91478139.0,74183814.0,165661953.0,-17294325.0,275229036.0,257182242.0,532411278.0,-18046794.0,159880378.0,137463056.0,297343434.0,-22417322.0,37611593.0,49478941.0,87090534.0,11867348.0,21444110.0,30888755.0,52332865.0,9444645.0,18155347.0,29003371.0,47158718.0,10848024.0,371919148.0,401594538.0,773513686.0,29675390.0,16020146.0,54963982.0,70984128.0,38943836.0
2022-03-31,2022-03-22,2022-03-25,Standard Market (Second Section),92467864.0,92601113.0,185068977.0,133249.0,3226581.0,3556434.0,6783015.0,329853.0,89241283.0,89044679.0,178285962.0,-196604.0,50495192.0,51422437.0,101917629.0,927245.0,34343110.0,34484664.0,68827774.0,141554.0,1148460.0,943865.0,2092325.0,-204595.0,751299.0,308973.0,1060272.0,-442326.0,1174330.0,1082176.0,2256506.0,-92154.0,490434.0,513442.0,1003876.0,23008.0,44988.0,1901.0,46889.0,-43087.0,49030.0,0.0,49030.0,-49030.0,733876.0,265885.0,999761.0,-467991.0,10564.0,21336.0,31900.0,10772.0
2022-04-01,,,,,,,,,,,,,,,,,,,,,,,,,,,,,,,,,,,,,,,,,,,,,,,,,,,,,,,
2022-04-04,,,,,,,,,,,,,,,,,,,,,,,,,,,,,,,,,,,,,,,,,,,,,,,,,,,,,,,
2022-04-05,,,,,,,,,,,,,,,,,,,,,,,,,,,,,,,,,,,,,,,,,,,,,,,,,,,,,,,
2022-04-06,,,,,,,,,,,,,,,,,,,,,,,,,,,,,,,,,,,,,,,,,,,,,,,,,,,,,,,
2022-04-07,2022-03-28,2022-04-01,Growth Market (Mothers/JASDAQ),1040907039.0,1042139900.0,2083046939.0,1232861.0,39006000.0,31710619.0,70716619.0,-7295381.0,1001901039.0,1010429281.0,2012330320.0,8528242.0,525446270.0,532148153.0,1057594423.0,6701883.0,442783066.0,439126675.0,881909741.0,-3656391.0,9978832.0,10447689.0,20426521.0,468857.0,3362666.0,5624572.0,8987238.0,2261906.0,8550130.0,7714568.0,16264698.0,-835562.0,7624353.0,7161233.0,14785586.0,-463120.0,21928.0,41002.0,62930.0,19074.0,74853.0,165363.0,240216.0,90510.0,4018316.0,7459880.0,11478196.0,3441564.0,40625.0,540146.0,580771.0,499521.0
2022-04-07,2022-03-28,2022-04-01,Prime Market (First Section),17006410673.0,17052075052.0,34058485725.0,45664379.0,2485740739.0,2409259731.0,4895000470.0,-76481008.0,14520669934.0,14642815321.0,29163485255.0,122145387.0,3332104772.0,3415235690.0,6747340462.0,83130918.0,9997891539.0,10364117186.0,20362008725.0,366225647.0,88222888.0,83777803.0,172000691.0,-4445085.0,332358708.0,278606660.0,610965368.0,-53752048.0,135625955.0,128401559.0,264027514.0,-7224396.0,28008885.0,36478689.0,64487574.0,8469804.0,31246378.0,5660899.0,36907277.0,-25585479.0,60569992.0,9651985.0,70221977.0,-50918007.0,486270121.0,303891037.0,790161158.0,-182379084.0,28370696.0,16993813.0,45364509.0,-11376883.0
2022-04-07,2022-03-28,2022-04-01,Standard Market (Second Section),118570851.0,118188116.0,236758967.0,-382735.0,3865212.0,3807785.0,7672997.0,-57427.0,114705639.0,114380331.0,229085970.0,-325308.0,65937511.0,67936296.0,133873807.0,1998785.0,43348964.0,40865019.0,84213983.0,-2483945.0,1541524.0,1429027.0,2970551.0,-112497.0,746032.0,786722.0,1532754.0,40690.0,2058310.0,1945314.0,4003624.0,-112996.0,238508.0,414516.0,653024.0,176008.0,11265.0,1667.0,12932.0,-9598.0,96526.0,63453.0,159979.0,-33073.0,721155.0,874118.0,1595273.0,152963.0,5844.0,64199.0,70043.0,58355.0
2022-04-08,,,,,,,,,,,,,,,,,,,,,,,,,,,,,,,,,,,,,,,,,,,,,,,,,,,,,,,
2022-04-11,,,,,,,,,,,,,,,,,,,,,,,,,,,,,,,,,,,,,,,,,,,,,,,,,,,,,,,
2022-04-12,,,,,,,,,,,,,,,,,,,,,,,,,,,,,,,,,,,,,,,,,,,,,,,,,,,,,,,
2022-04-13,,,,,,,,,,,,,,,,,,,,,,,,,,,,,,,,,,,,,,,,,,,,,,,,,,,,,,,
2022-04-14,2022-04-04,2022-04-08,Growth Market (Mothers/JASDAQ),1003691001.0,1004570427.0,2008261428.0,879426.0,35013005.0,27483511.0,62496516.0,-7529494.0,968677996.0,977086916.0,1945764912.0,8408920.0,524730242.0,547801292.0,1072531534.0,23071050.0,412366316.0,391978335.0,804344651.0,-20387981.0,9261301.0,10113497.0,19374798.0,852196.0,2824035.0,5848765.0,8672800.0,3024730.0,8834195.0,8829220.0,17663415.0,-4975.0,6636069.0,5974177.0,12610246.0,-661892.0,10623.0,46230.0,56853.0,35607.0,5454.0,22679.0,28133.0,17225.0,3934747.0,6384405.0,10319152.0,2449658.0,75014.0,88316.0,163330.0,13302.0
2022-04-14,2022-04-04,2022-04-08,Prime Market (First Section),15806405519.0,15857905362.0,31664310881.0,51499843.0,2589525156.0,2207251084.0,4796776240.0,-382274072.0,13216880363.0,13650654278.0,26867534641.0,433773915.0,2416284612.0,2679596108.0,5095880720.0,263311496.0,9335427878.0,10047969177.0,19383397055.0,712541299.0,61905300.0,72780146.0,134685446.0,10874846.0,400220329.0,272983050.0,673203379.0,-127237279.0,72750877.0,164367102.0,237117979.0,91616225.0,20851181.0,26951312.0,47802493.0,6100131.0,57690425.0,47215098.0,104905523.0,-10475327.0,22581884.0,10371127.0,32953011.0,-12210757.0,803755571.0,310760405.0,1114515976.0,-492995166.0,25412306.0,17660753.0,43073059.0,-7751553.0
2022-04-14,2022-04-04,2022-04-08,Standard Market (Second Section),354717374.0,355512781.0,710230155.0,795407.0,23393838.0,21040919.0,44434757.0,-2352919.0,331323536.0,334471862.0,665795398.0,3148326.0,139394189.0,148148791.0,287542980.0,8754602.0,173961389.0,167380378.0,341341767.0,-6581011.0,3736412.0,4222677.0,7959089.0,486265.0,3324137.0,3090144.0,6414281.0,-233993.0,3203222.0,4940352.0,8143574.0,1737130.0,623836.0,828103.0,1451939.0,204267.0,64588.0,791722.0,856310.0,727134.0,76498.0,529614.0,606112.0,453116.0,6836116.0,4382637.0,11218753.0,-2453479.0,103149.0,157444.0,260593.0,54295.0
2022-04-15,,,,,,,,,,,,,,,,,,,,,,,,,,,,,,,,,,,,,,,,,,,,,,,,,,,,,,,
2022-04-18,,,,,,,,,,,,,,,,,,,,,,,,,,,,,,,,,,,,,,,,,,,,,,,,,,,,,,,
2022-04-19,,,,,,,,,,,,,,,,,,,,,,,,,,,,,,,,,,,,,,,,,,,,,,,,,,,,,,,
2022-04-20,,,,,,,,,,,,,,,,,,,,,,,,,,,,,,,,,,,,,,,,,,,,,,,,,,,,,,,
2022-04-21,2022-04-11,2022-04-15,Growth Market (Mothers/JASDAQ),717611922.0,717854009.0,1435465931.0,242087.0,22982155.0,19775114.0,42757269.0,-3207041.0,694629767.0,698078895.0,1392708662.0,3449128.0,368533939.0,383953205.0,752487144.0,15419266.0,303628133.0,289445340.0,593073473.0,-14182793.0,6651071.0,6227918.0,12878989.0,-423153.0,2617368.0,4175063.0,6792431.0,1557695.0,5714178.0,5665862.0,11380040.0,-48316.0,3779599.0,3052371.0,6831970.0,-727228.0,14139.0,43425.0,57564.0,29286.0,40657.0,6120.0,46777.0,-34537.0,3636653.0,5340588.0,8977241.0,1703935.0,14030.0,169003.0,183033.0,154973.0
2022-04-21,2022-04-11,2022-04-15,Prime Market (First Section),13602884822.0,13647445933.0,27250330755.0,44561111.0,1458697630.0,1667571519.0,3126269149.0,208873889.0,12144187192.0,11979874414.0,24124061606.0,-164312778.0,2521624236.0,2517459594.0,5039083830.0,-4164642.0,8551190255.0,8656743040.0,17207933295.0,105552785.0,59873022.0,57956368.0,117829390.0,-1916654.0,229881013.0,216077847.0,445958860.0,-13803166.0,92910347.0,163835266.0,256745613.0,70924919.0,20782698.0,33226883.0,54009581.0,12444185.0,39249431.0,2612785.0,41862216.0,-36636646.0,28994550.0,9172209.0,38166759.0,-19822341.0,580044478.0,311158713.0,891203191.0,-268885765.0,19637162.0,11631709.0,31268871.0,-8005453.0
2022-04-21,2022-04-11,2022-04-15,Standard Market (Second Section),346515272.0,347022974.0,693538246.0,507702.0,20432315.0,19470236.0,39902551.0,-962079.0,326082957.0,327552738.0,653635695.0,1469781.0,134163582.0,140707289.0,274870871.0,6543707.0,165562721.0,160523206.0,326085927.0,-5039515.0,4493473.0,4560536.0,9054009.0,67063.0,3457303.0,3913905.0,7371208.0,456602.0,11322807.0,4881377.0,16204184.0,-6441430.0,569252.0,8591580.0,9160832.0,8022328.0,87509.0,13831.0,101340.0,-73678.0,170946.0,596537.0,767483.0,425591.0,6109289.0,3400857.0,9510146.0,-2708432.0,146075.0,363620.0,509695.0,217545.0
2022-04-22,,,,,,,,,,,,,,,,,,,,,,,,,,,,,,,,,,,,,,,,,,,,,,,,,,,,,,,
2022-04-25,,,,,,,,,,,,,,,,,,,,,,,,,,,,,,,,,,,,,,,,,,,,,,,,,,,,,,,
2022-04-26,,,,,,,,,,,,,,,,,,,,,,,,,,,,,,,,,,,,,,,,,,,,,,,,,,,,,,,
2022-04-27,,,,,,,,,,,,,,,,,,,,,,,,,,,,,,,,,,,,,,,,,,,,,,,,,,,,,,,
2022-04-28,2022-04-18,2022-04-22,Growth Market (Mothers/JASDAQ),625315735.0,625785699.0,1251101434.0,469964.0,21773184.0,21512058.0,43285242.0,-261126.0,603542551.0,604273641.0,1207816192.0,731090.0,297174846.0,323299544.0,620474390.0,26124698.0,287424689.0,263914441.0,551339130.0,-23510248.0,5116167.0,5564298.0,10680465.0,448131.0,3481595.0,2378710.0,5860305.0,-1102885.0,3808379.0,4112324.0,7920703.0,303945.0,2433333.0,2205934.0,4639267.0,-227399.0,13558.0,16901.0,30459.0,3343.0,80976.0,40450.0,121426.0,-40526.0,3978212.0,2688172.0,6666384.0,-1290040.0,30796.0,52867.0,83663.0,22071.0
2022-04-28,2022-04-18,2022-04-22,Prime Market (First Section),12825440667.0,12879179459.0,25704620126.0,53738792.0,1482613969.0,1283159592.0,2765773561.0,-199454377.0,11342826698.0,11596019867.0,22938846565.0,253193169.0,2486822961.0,2493468363.0,4980291324.0,6645402.0,8197999893.0,8464437148.0,16662437041.0,266437255.0,60825011.0,60400728.0,121225739.0,-424283.0,198693452.0,177161327.0,375854779.0,-21532125.0,86838551.0,132849202.0,219687753.0,46010651.0,20021593.0,33370770.0,53392363.0,13349177.0,35538940.0,23555671.0,59094611.0,-11983269.0,33089582.0,7483399.0,40572981.0,-25606183.0,203705350.0,193801868.0,397507218.0,-9903482.0,19291365.0,9491391.0,28782756.0,-9799974.0
2022-04-28,2022-04-18,2022-04-22,Standard Market (Second Section),343925590.0,344723176.0,688648766.0,797586.0,19664620.0,15218176.0,34882796.0,-4446444.0,324260970.0,329505000.0,653765970.0,5244030.0,143982308.0,151512086.0,295494394.0,7529778.0,163773409.0,158915513.0,322688922.0,-4857896.0,3709485.0,3828608.0,7538093.0,119123.0,3725897.0,3477209.0,7203106.0,-248688.0,4545151.0,6436482.0,10981633.0,1891331.0,524562.0,1036572.0,1561134.0,512010.0,147146.0,135526.0,282672.0,-11620.0,48032.0,598969.0,647001.0,550937.0,3722389.0,3476994.0,7199383.0,-245395.0,82591.0,87041.0,169632.0,4450.0
